txhash,txindex,blocktime,blockHash,blockHeight,dept,internalIndex,callType,from,to,gasUsed,value,isError,error,totalIndex,rank,isFromContract,isToContract,legalRate,confirm,realValue,fromEvmAddress,toEvmAddress,blockTimeU0
CF9A6D77F08BFE3E610B94BD9CEE1B3510E7CF8CC93BAA140815BC027DBFBEB7,1,1638309405,ECA93C4740A012218113A136185F26D1DF61DA618D800C5C977EF5ED312CDB71,7236254,1,4,call,0xd129ce9c8cc5ad4d254ac3438895ed31c7a1b5ef,0x8221c9eacc43070d8b48604af86007bce152f5e0,460058,0.42789612388617965,false,,6142408,0,true,false,0,2537733,0.42789612388617965,0xd129ce9c8cc5ad4d254ac3438895ed31c7a1b5ef,0x8221c9eacc43070d8b48604af86007bce152f5e0,1638338205000
5F6D6538736C494DA1140AA52B96A2BA2A2AEDB735870CCEC8B577B8FBB8CC8F,5,1635224502,37DEA05E1DCDD83B4A4A9F011CCA97B8D22BD4DCCDC1F0B15A72A1E459C0A596,6454262,1,4,call,0xd129ce9c8cc5ad4d254ac3438895ed31c7a1b5ef,0x440bfc6cc8ceefe55ced2b35f04b862eb3e4aa68,478246,3.1097258282318996,false,,5368381,0,true,false,0,3319725,3.1097258282318996,0xd129ce9c8cc5ad4d254ac3438895ed31c7a1b5ef,0x440bfc6cc8ceefe55ced2b35f04b862eb3e4aa68,1635253302000
D4591B3E85175495DA4B01E735B7E4BCB8908452B7EAE2913D98FEF9ACF0EF7A,9,1635219760,B1AF8CE554423A78D772706C234DEF8C62FF083440C7449D3EDFA87E587CC6B5,6453039,1,4,call,0xd129ce9c8cc5ad4d254ac3438895ed31c7a1b5ef,0xe6db5b50e83badc03f2d6ad4f3d26aef466c3714,492864,0.4901253033377438,false,,5367295,0,true,false,0,3320948,0.4901253033377438,0xd129ce9c8cc5ad4d254ac3438895ed31c7a1b5ef,0xe6db5b50e83badc03f2d6ad4f3d26aef466c3714,1635248560000
206629A1E9141D85BEC59095220FA8FF9627A728FA9370AA757B92E38D761A89,12,1633392969,EBE906941275C56F53AEEF94EA1D112456F8BC73C1DC9F3BB37CBF81AF11FB91,5983710,1,4,call,0xd129ce9c8cc5ad4d254ac3438895ed31c7a1b5ef,0xc201791d499a7a9d887d9ae932cf2528b9270a69,308706,32.54060486718531,false,,4903417,0,true,false,0,3790277,32.54060486718531,0xd129ce9c8cc5ad4d254ac3438895ed31c7a1b5ef,0xc201791d499a7a9d887d9ae932cf2528b9270a69,1633421769000
12AF10075DE42D7BD0685B1BA9628317FE216851E9267008CD0C79DD004AB37D,1,1631239388,8FAD2FC771C0D3F3C2AC99728031DC9097AD0F33418BC41290EA98A150A1C217,5454825,1,2,call,0xd129ce9c8cc5ad4d254ac3438895ed31c7a1b5ef,0xd7f445999da8aea65c199d85e0bfd854ff47e6f8,256710,0.000975,false,,3769184,3,true,false,0,4319162,0.000975,0xd129ce9c8cc5ad4d254ac3438895ed31c7a1b5ef,0xd7f445999da8aea65c199d85e0bfd854ff47e6f8,1631268188000
91588DFD395F96977CD65A7380BBA3BA85E623B31009483FDD62AAB8236E6690,6,1631238868,ADCF1CB5BEAA0B5B3E1DFD0F07AF5C3BF406B3681BC1E4D9FC1046F394A03454,5454692,1,4,call,0xd129ce9c8cc5ad4d254ac3438895ed31c7a1b5ef,0xd7f445999da8aea65c199d85e0bfd854ff47e6f8,312074,0.001233293673796216,false,,3769076,0,true,false,0,4319295,0.001233293673796216,0xd129ce9c8cc5ad4d254ac3438895ed31c7a1b5ef,0xd7f445999da8aea65c199d85e0bfd854ff47e6f8,1631267668000
2812492F575B7754F00E3E92A679053E54A0C54003FC0B4044D07F69D6ADEF4E,6,1631234327,B61D2F9BA3A2D119BD86C012350463EDF2ABBB54FD6AB40C840356D29D4454A7,5453536,1,2,call,0xd129ce9c8cc5ad4d254ac3438895ed31c7a1b5ef,0xd7f445999da8aea65c199d85e0bfd854ff47e6f8,289933,0.000975,false,,3767356,1,true,false,0,4320451,0.000975,0xd129ce9c8cc5ad4d254ac3438895ed31c7a1b5ef,0xd7f445999da8aea65c199d85e0bfd854ff47e6f8,1631263127000
601ED009504E2A14B319D5A0CDCDCB861D8B9E6A3ED38AD028C89BB433E1E868,2,1631232683,996AB21689941D08856CFB4163CB2693C19C4DB62B623E16C22C89E9E6D866DC,5453120,1,4,call,0xd129ce9c8cc5ad4d254ac3438895ed31c7a1b5ef,0xc38470d323a77a70aa0dccab97d29965cc67d88e,312074,0.000012259085894807,false,,3766918,0,true,false,0,4320867,0.000012259085894807,0xd129ce9c8cc5ad4d254ac3438895ed31c7a1b5ef,0xc38470d323a77a70aa0dccab97d29965cc67d88e,1631261483000
F69249B4C8B05E8E1644DC406AD58C5E6379BA563CFA18E90DB76714EAE0F3C5,9,1631171772,1B54CF11F9DDB3DE7200FD8D98204A5BC049C9C3CFDFC5E6E64035F5C7DFC689,5437500,1,4,call,0xd129ce9c8cc5ad4d254ac3438895ed31c7a1b5ef,0xd7f445999da8aea65c199d85e0bfd854ff47e6f8,245629,0.011866995851121064,false,,3755109,0,true,false,0,4336487,0.011866995851121064,0xd129ce9c8cc5ad4d254ac3438895ed31c7a1b5ef,0xd7f445999da8aea65c199d85e0bfd854ff47e6f8,1631200572000
8830F6BB242446054D44479967593D5F584631302EB738CABE213AF559BBD925,4,1631154757,E3F654AC7A175804348A8165342C319A7B167D214E3D589EFAEF7C6E148B1715,5433121,1,2,call,0xd129ce9c8cc5ad4d254ac3438895ed31c7a1b5ef,0xc38470d323a77a70aa0dccab97d29965cc67d88e,289933,0.000975,false,,3750981,0,true,false,0,4340866,0.000975,0xd129ce9c8cc5ad4d254ac3438895ed31c7a1b5ef,0xc38470d323a77a70aa0dccab97d29965cc67d88e,1631183557000
CF9D934E367399A851341D831C2E71E991520C3AFB322198B56971C15383539E,13,1631153093,5E888908E405C83B9706719BEB567210989F532B959B956F481FA6A3E47752C6,5432695,1,0,call,0xd129ce9c8cc5ad4d254ac3438895ed31c7a1b5ef,0xd7f445999da8aea65c199d85e0bfd854ff47e6f8,98099,0.001,false,,3749954,1,true,false,0,4341292,0.001,0xd129ce9c8cc5ad4d254ac3438895ed31c7a1b5ef,0xd7f445999da8aea65c199d85e0bfd854ff47e6f8,1631181893000
A0B28E210478B6D167A67960D1A5935FBF54F78505CCC69AD133D740C428FA98,4,1631152362,07D1D009B0EDC5F61996044D9D32B71F6BA2D2EE2AE2DDDE1AA207EBFEC2DEF0,5432509,1,2,call,0xd129ce9c8cc5ad4d254ac3438895ed31c7a1b5ef,0xc38470d323a77a70aa0dccab97d29965cc67d88e,256710,0.000975,false,,3749604,0,true,false,0,4341478,0.000975,0xd129ce9c8cc5ad4d254ac3438895ed31c7a1b5ef,0xc38470d323a77a70aa0dccab97d29965cc67d88e,1631181162000
40AD190AAA5235B96E6D5B06CB850A204423BBCE52E6EA90347B160EBE04D8EF,2,1631149951,6808F8C780AA57BF4501915546D22527F0F8AFDC658CB6588246A6184C3367FB,5431890,1,4,call,0xd129ce9c8cc5ad4d254ac3438895ed31c7a1b5ef,0xc38470d323a77a70aa0dccab97d29965cc67d88e,312074,0.00011881794344259,false,,3749048,0,true,false,0,4342097,0.00011881794344259,0xd129ce9c8cc5ad4d254ac3438895ed31c7a1b5ef,0xc38470d323a77a70aa0dccab97d29965cc67d88e,1631178751000
856D84A56185FECB67FF109C6F2C53D762E6E64FC786A6A4D09C63A7A22CEB78,20,1631069296,99584209E8BE6E2D05C1E3DF920DDA47EEF66839B998BBA13229720BD5F28393,5411168,1,5,call,0xd129ce9c8cc5ad4d254ac3438895ed31c7a1b5ef,0xbe88f7d2e2da9c74386acfea5123460cf72b1e9a,479066,0.000109234658650907,false,,3725469,0,true,false,0,4362819,0.000109234658650907,0xd129ce9c8cc5ad4d254ac3438895ed31c7a1b5ef,0xbe88f7d2e2da9c74386acfea5123460cf72b1e9a,1631098096000
470E4A2892DE360EDBC32D33AEA644F6E47ABAA5BFA2F4F977A933CF851FED18,20,1631067370,FCE7795DBD7FEF05BB1FDDF47A53E71BCA039E77F812AA63FBFF41F736AFC982,5410679,1,0,call,0xd129ce9c8cc5ad4d254ac3438895ed31c7a1b5ef,0xc38470d323a77a70aa0dccab97d29965cc67d88e,98099,0.001,false,,3724805,3,true,false,0,4363308,0.001,0xd129ce9c8cc5ad4d254ac3438895ed31c7a1b5ef,0xc38470d323a77a70aa0dccab97d29965cc67d88e,1631096170000
264F07BEC76D9F1C93B74B615BC8E3394F7D55F2A5E507AC5A190F396E64F709,17,1631059214,FF5BA4A309A68F8C138029C9738C846F7C87EA703EAF1712E8D856E76C525095,5408609,1,0,call,0xd129ce9c8cc5ad4d254ac3438895ed31c7a1b5ef,0xc38470d323a77a70aa0dccab97d29965cc67d88e,98099,0.00001,false,,3721435,0,true,false,0,4365378,0.00001,0xd129ce9c8cc5ad4d254ac3438895ed31c7a1b5ef,0xc38470d323a77a70aa0dccab97d29965cc67d88e,1631088014000
EA81E58817536F9382E5875F1A2C76ACC38EA79532BA247E3D6C86D5B599F394,5,1630442126,E60E9F463712B244F5F8BBB111DAC37076006D965EC5CB15C6AAF02E275998EF,5250535,1,4,call,0xd129ce9c8cc5ad4d254ac3438895ed31c7a1b5ef,0x4ff206692fac6d1f0663e731067519b57ffdf7e4,241313,0.010664962619070113,false,,3547732,0,true,false,0,4523452,0.010664962619070113,0xd129ce9c8cc5ad4d254ac3438895ed31c7a1b5ef,0x4ff206692fac6d1f0663e731067519b57ffdf7e4,1630470926000
101B6FF41AFAC7BE4498EF1E269C50A30F346349B655031D729682A9EE152B5F,47,1630441926,58A384D6EFF7EBCE3A692124F36B63353069C01E8F554C4DE528272B9667B888,5250485,1,4,call,0xd129ce9c8cc5ad4d254ac3438895ed31c7a1b5ef,0xc38470d323a77a70aa0dccab97d29965cc67d88e,397168,0.010722966299258799,false,,3547654,0,true,false,0,4523502,0.010722966299258799,0xd129ce9c8cc5ad4d254ac3438895ed31c7a1b5ef,0xc38470d323a77a70aa0dccab97d29965cc67d88e,1630470726000
D484F7AD4B8BF220F8618EC00D7048E24588208CDBC9BEC7A465E541065D4030,8,1629316852,95C57A5E519D5D4E3FA264D93F90C0FB22FBB04575CF3B4C5E4DA02CBF0BD779,4969091,1,2,call,0xd129ce9c8cc5ad4d254ac3438895ed31c7a1b5ef,0xc38470d323a77a70aa0dccab97d29965cc67d88e,287919,0.000195,false,,3038292,0,true,false,0,4804896,0.000195,0xd129ce9c8cc5ad4d254ac3438895ed31c7a1b5ef,0xc38470d323a77a70aa0dccab97d29965cc67d88e,1629345652000
81FFE56E6A4630F7C496CF8E17FED55D1994ED1231C1F96D3C34AFBBC1D381AE,7,1629251446,0FA5AC49A3B488B6553D47907A1A21040A82EF7C9EF769AFEC6C60B8D7BE5BCB,4952566,1,2,call,0xd129ce9c8cc5ad4d254ac3438895ed31c7a1b5ef,0xa8bd23493aff2e8b0a3811f229e1270c60b5e2ef,426337,0.00000975,false,,3022105,0,true,false,0,4821421,0.00000975,0xd129ce9c8cc5ad4d254ac3438895ed31c7a1b5ef,0xa8bd23493aff2e8b0a3811f229e1270c60b5e2ef,1629280246000
914C7D65F3616584DBB3E70CD98F6418B5B8D285115C530108F123BA15E85674,9,1629247533,16C9AAF61F027C57324EF9FB317F85DEAE5BB3FAC3B0B73FF0F0C47DCFA5E9C2,4951578,1,2,call,0xd129ce9c8cc5ad4d254ac3438895ed31c7a1b5ef,0x4ff206692fac6d1f0663e731067519b57ffdf7e4,426337,0.000975,false,,3021025,0,true,false,0,4822409,0.000975,0xd129ce9c8cc5ad4d254ac3438895ed31c7a1b5ef,0x4ff206692fac6d1f0663e731067519b57ffdf7e4,1629276333000
BFF7D238BC145C7A6DDCEAB9FCDA0F5064393EC2EF322E7CCF3D0CE50DEE4684,12,1629245095,5D6A8E001DA40EE3E8583AFE8C2DC289D04FE6490720DF7D56DF9FA96AFEC751,4950967,1,0,call,0xd129ce9c8cc5ad4d254ac3438895ed31c7a1b5ef,0xc38470d323a77a70aa0dccab97d29965cc67d88e,98099,0.0001,false,,3020285,1,true,false,0,4823020,0.0001,0xd129ce9c8cc5ad4d254ac3438895ed31c7a1b5ef,0xc38470d323a77a70aa0dccab97d29965cc67d88e,1629273895000
92A4A4D930A0662E86E3FD46B729E8AD6245E360EAAE2F968C4A95F5C863B48C,4,1629244979,57E5204A62AA0491121BFFD443096343495470AF1C1B564B645081F46A414BBC,4950938,1,0,call,0xd129ce9c8cc5ad4d254ac3438895ed31c7a1b5ef,0xa8bd23493aff2e8b0a3811f229e1270c60b5e2ef,450003,0.001,false,,3020254,2,true,false,0,4823049,0.001,0xd129ce9c8cc5ad4d254ac3438895ed31c7a1b5ef,0xa8bd23493aff2e8b0a3811f229e1270c60b5e2ef,1629273779000
FB8509DC92F29683DBB43621D63BAE55F4C7E9ED14F7D98465226E02680FCDAD,9,1629242852,9A456B19DD9C75C5761A8E2C8599555170D41A037097DF515273DB8BAF36801B,4950402,1,0,call,0xd129ce9c8cc5ad4d254ac3438895ed31c7a1b5ef,0xa8bd23493aff2e8b0a3811f229e1270c60b5e2ef,450003,0.001,false,,3019653,1,true,false,0,4823585,0.001,0xd129ce9c8cc5ad4d254ac3438895ed31c7a1b5ef,0xa8bd23493aff2e8b0a3811f229e1270c60b5e2ef,1629271652000
36F30CB60A217786A4FBCAF2DF334E92EACDE997574AFC16510F72BFAF7BB6FE,3,1629231123,AAE50A70D65E3C5CEC4ED4243C28D4B1A90274D221CF8F379D2A6D93DAD64FF9,4947441,1,5,call,0xd129ce9c8cc5ad4d254ac3438895ed31c7a1b5ef,0xa8bd23493aff2e8b0a3811f229e1270c60b5e2ef,456218,0.01124983792363114,false,,3016568,0,true,false,0,4826546,0.01124983792363114,0xd129ce9c8cc5ad4d254ac3438895ed31c7a1b5ef,0xa8bd23493aff2e8b0a3811f229e1270c60b5e2ef,1629259923000
FD8949318A800696D62A129A2E153EF73904CE6D729FABF791B47BA4CF2595B9,1,1629231032,D160CD89D5F5FA5F3BAE5F2FAB06B78731B1C453460FFA7444313492020F1699,4947418,1,5,call,0xd129ce9c8cc5ad4d254ac3438895ed31c7a1b5ef,0xc38470d323a77a70aa0dccab97d29965cc67d88e,386198,0.011260338279012468,false,,3016532,0,true,false,0,4826569,0.011260338279012468,0xd129ce9c8cc5ad4d254ac3438895ed31c7a1b5ef,0xc38470d323a77a70aa0dccab97d29965cc67d88e,1629259832000
AC2F5BA96DBB58C087CAE9370453B13BAAB15FAED13AEDD5400CA4BF4274A0B8,18,1628642122,59DABEC6149424158C450029673AC9FC2291B0769731AC14D1618FDCCDB1D2E2,4801598,1,3,call,0xd129ce9c8cc5ad4d254ac3438895ed31c7a1b5ef,0x4ff206692fac6d1f0663e731067519b57ffdf7e4,415291,0.00085,false,,2796206,0,true,false,0,4972389,0.00085,0xd129ce9c8cc5ad4d254ac3438895ed31c7a1b5ef,0x4ff206692fac6d1f0663e731067519b57ffdf7e4,1628670922000
141E9768746594C10AFF327B201DC8FD7CC6ECD2514AF84D10257F69F835C0B3,9,1628639630,9339582F1C59DDDFF9BFCE5529FD420037D874D1AB7F9C91141F557383E86771,4800987,1,5,call,0xd129ce9c8cc5ad4d254ac3438895ed31c7a1b5ef,0xc38470d323a77a70aa0dccab97d29965cc67d88e,386198,0.008855442396806771,false,,2795387,0,true,false,0,4973000,0.008855442396806771,0xd129ce9c8cc5ad4d254ac3438895ed31c7a1b5ef,0xc38470d323a77a70aa0dccab97d29965cc67d88e,1628668430000
18B657E335ACF75386788F8E8B2BF2E6191899DAA351903022B7243034B2E0F5,9,1628639381,F0FD2C970C070E61609E638A5D52CED5DEF0934B0923AD3155BC51E5E7692E2B,4800926,1,5,call,0xd129ce9c8cc5ad4d254ac3438895ed31c7a1b5ef,0x4ff206692fac6d1f0663e731067519b57ffdf7e4,321653,0.009842972555412858,false,,2795299,0,true,false,0,4973061,0.009842972555412858,0xd129ce9c8cc5ad4d254ac3438895ed31c7a1b5ef,0x4ff206692fac6d1f0663e731067519b57ffdf7e4,1628668181000
384F6AEA39BC0510A165D238B0D0D3D198861E2C12A2AFC6BC50AB088B14360B,6,1628622947,592A0AB666133792977C15FEC398388FA7D41ED49DF7DA0703B34398D829E74D,4796905,1,4,call,0xd129ce9c8cc5ad4d254ac3438895ed31c7a1b5ef,0xc38470d323a77a70aa0dccab97d29965cc67d88e,397168,1.14567710961e-7,false,,2790273,0,true,false,0,4977082,1.14567710961e-7,0xd129ce9c8cc5ad4d254ac3438895ed31c7a1b5ef,0xc38470d323a77a70aa0dccab97d29965cc67d88e,1628651747000
74FA3C0B7F164792F0EE2B36CC733D84FB70788077F89A12EC47B9EF646C45C8,55,1628564370,164AC8A66251FB5CA7EDD2B53048BEDA8AB4E52BC4C31E881D1C550062D35BA9,4782986,1,4,call,0xd129ce9c8cc5ad4d254ac3438895ed31c7a1b5ef,0xc38470d323a77a70aa0dccab97d29965cc67d88e,397168,1.13413215821e-7,false,,2772314,0,true,false,0,4991001,1.13413215821e-7,0xd129ce9c8cc5ad4d254ac3438895ed31c7a1b5ef,0xc38470d323a77a70aa0dccab97d29965cc67d88e,1628593170000
3F332B086DDCA4E9C6957FB9881947DA0D109C516FD5EB7DB0FA8E33E6305696,120,1628562701,7737BCA3EF306588EC1EE22818ADC71F6AE350263C0578CD84D8973707ACB005,4782610,1,5,call,0xd129ce9c8cc5ad4d254ac3438895ed31c7a1b5ef,0xc38470d323a77a70aa0dccab97d29965cc67d88e,386198,0.009938327337510437,false,,2771389,7,true,false,0,4991377,0.009938327337510437,0xd129ce9c8cc5ad4d254ac3438895ed31c7a1b5ef,0xc38470d323a77a70aa0dccab97d29965cc67d88e,1628591501000
1D117BCE8F05D1EEFC99A1DB195C905BC97C70B905FC8A2915EE0A0B9BE51881,15,1628557637,7E3B78D602E2522DF80BA633D4C6DF4B2F0DCBCDAE568C3BDE164F9DFA874399,4781406,1,3,call,0xd129ce9c8cc5ad4d254ac3438895ed31c7a1b5ef,0x4ff206692fac6d1f0663e731067519b57ffdf7e4,415371,0.000085,false,,2768631,0,true,false,0,4992581,0.000085,0xd129ce9c8cc5ad4d254ac3438895ed31c7a1b5ef,0x4ff206692fac6d1f0663e731067519b57ffdf7e4,1628586437000
8861B2361808F6DD435E354CF15A28D7B344BD5EF75B1C2837BB4B711D62AB71,9,1628557541,3052A29C2A56D9126BE92AE2883B6EBF1388A25AB57BEFFA97F01B220775A8E0,4781382,1,2,call,0xd129ce9c8cc5ad4d254ac3438895ed31c7a1b5ef,0xc38470d323a77a70aa0dccab97d29965cc67d88e,488995,0.0000975,false,,2768576,3,true,false,0,4992605,0.0000975,0xd129ce9c8cc5ad4d254ac3438895ed31c7a1b5ef,0xc38470d323a77a70aa0dccab97d29965cc67d88e,1628586341000
C5D9C36DC25A4C759B80007ED2B89529C07F7E2F3FAFFB8DFACB4CF7747A4562,18,1628473739,5D21EA89E2591343FE8980801F6AA99E733D44246DB1D20CE496A56CC5C8F17C,4760741,1,5,call,0xd129ce9c8cc5ad4d254ac3438895ed31c7a1b5ef,0x4ff206692fac6d1f0663e731067519b57ffdf7e4,254478,0.009370993136255786,false,,2729422,3,true,false,0,5013246,0.009370993136255786,0xd129ce9c8cc5ad4d254ac3438895ed31c7a1b5ef,0x4ff206692fac6d1f0663e731067519b57ffdf7e4,1628502539000
74CD3DD587EC8738170C3B1B92954DAD60FE9CF2F7E3CEFE3D87C9B4BEFF9903,21,1628470082,E710F930A414ADDF53C9583F5F6B13AB3089A0FEDCFCEE930346026EC2D631F0,4759932,1,0,call,0xd129ce9c8cc5ad4d254ac3438895ed31c7a1b5ef,0xc38470d323a77a70aa0dccab97d29965cc67d88e,98093,0.00001,false,,2726965,0,true,false,0,5014055,0.00001,0xd129ce9c8cc5ad4d254ac3438895ed31c7a1b5ef,0xc38470d323a77a70aa0dccab97d29965cc67d88e,1628498882000