blockHash,blockHeight,blocktime,tokenContractAddress,logIndex,txhash,from,to,value,legalRate,txindex,tokenType,isFromContract,isToContract,decimal,symbol,logoUrl,confirm,realValue,precision,fromEvmAddress,toEvmAddress,blockTimeU0,fromTag,toTag
49C507965BA4F163CD2FDE61DD41508770ED55C06282BC7886A6973914EAF8AD,7584241,1639639911000,0x382bb369d343125bfb2117af9c149795c6c65c50,18,0xfce52cc7cfea5d79730230fbc6dfcb55487923492d6edad70757cb043db19f0f,0xd129ce9c8cc5ad4d254ac3438895ed31c7a1b5ef,0x6316d2fece53d807d6b70d4fbe8573ae7dfe0551,27.3,0,3,OIP20,true,false,18,USDT,https://static.oklink.com/cdn/explorer/okexchain/exchain_usdt.png,0,-27.3,18,0xd129ce9c8cc5ad4d254ac3438895ed31c7a1b5ef,0x6316d2fece53d807d6b70d4fbe8573ae7dfe0551,1639668711000,[],[]
49C507965BA4F163CD2FDE61DD41508770ED55C06282BC7886A6973914EAF8AD,7584241,1639639911000,0x382bb369d343125bfb2117af9c149795c6c65c50,16,0xfce52cc7cfea5d79730230fbc6dfcb55487923492d6edad70757cb043db19f0f,0xde169f7d4972f9cbf119f2543d7a2e0ca0c735c8,0xd129ce9c8cc5ad4d254ac3438895ed31c7a1b5ef,28.7,0,3,OIP20,false,true,18,USDT,https://static.oklink.com/cdn/explorer/okexchain/exchain_usdt.png,0,28.7,18,0xde169f7d4972f9cbf119f2543d7a2e0ca0c735c8,0xd129ce9c8cc5ad4d254ac3438895ed31c7a1b5ef,1639668711000,[],[]
F5CC68C480A0B925E7479F1EE69D44D5E85CC4AB3F9890C7D73E143EC0E22D32,7583631,1639637536000,0x382bb369d343125bfb2117af9c149795c6c65c50,22,0xd7074ad6dee387929286203191ef704dd9fb0d4f6a3a3f0670167490024b4883,0xd129ce9c8cc5ad4d254ac3438895ed31c7a1b5ef,0x6316d2fece53d807d6b70d4fbe8573ae7dfe0551,27.3,0,9,OIP20,true,false,18,USDT,https://static.oklink.com/cdn/explorer/okexchain/exchain_usdt.png,0,-27.3,18,0xd129ce9c8cc5ad4d254ac3438895ed31c7a1b5ef,0x6316d2fece53d807d6b70d4fbe8573ae7dfe0551,1639666336000,[],[]
F5CC68C480A0B925E7479F1EE69D44D5E85CC4AB3F9890C7D73E143EC0E22D32,7583631,1639637536000,0x382bb369d343125bfb2117af9c149795c6c65c50,20,0xd7074ad6dee387929286203191ef704dd9fb0d4f6a3a3f0670167490024b4883,0xde169f7d4972f9cbf119f2543d7a2e0ca0c735c8,0xd129ce9c8cc5ad4d254ac3438895ed31c7a1b5ef,28.7,0,9,OIP20,false,true,18,USDT,https://static.oklink.com/cdn/explorer/okexchain/exchain_usdt.png,0,28.7,18,0xde169f7d4972f9cbf119f2543d7a2e0ca0c735c8,0xd129ce9c8cc5ad4d254ac3438895ed31c7a1b5ef,1639666336000,[],[]
22C4D6587BC39E44A13574674B254EA68BB23736194999FC8540631DFA7A7D0B,7577076,1639611960000,0x382bb369d343125bfb2117af9c149795c6c65c50,3,0x9dbdfd918cab17d6483b0d04e75ea4381a684bf41d7d86f30899ccd03c5c7f4f,0xd129ce9c8cc5ad4d254ac3438895ed31c7a1b5ef,0x62e1b0f5d4d4bd308ec3c3961d3f4e7fd4cf83d5,17.55,0,1,OIP20,true,false,18,USDT,https://static.oklink.com/cdn/explorer/okexchain/exchain_usdt.png,0,-17.55,18,0xd129ce9c8cc5ad4d254ac3438895ed31c7a1b5ef,0x62e1b0f5d4d4bd308ec3c3961d3f4e7fd4cf83d5,1639640760000,[],[]
22C4D6587BC39E44A13574674B254EA68BB23736194999FC8540631DFA7A7D0B,7577076,1639611960000,0x382bb369d343125bfb2117af9c149795c6c65c50,1,0x9dbdfd918cab17d6483b0d04e75ea4381a684bf41d7d86f30899ccd03c5c7f4f,0xb4836288c87aa9db4aaea3f7d984003ce6cc190b,0xd129ce9c8cc5ad4d254ac3438895ed31c7a1b5ef,18.45,0,1,OIP20,false,true,18,USDT,https://static.oklink.com/cdn/explorer/okexchain/exchain_usdt.png,0,18.45,18,0xb4836288c87aa9db4aaea3f7d984003ce6cc190b,0xd129ce9c8cc5ad4d254ac3438895ed31c7a1b5ef,1639640760000,[],[]
B52475280CB7012C1F2C3EFB5613F912DF7D4BBB6D09C3ACCF8672EE1FB80963,7575597,1639606195000,0x382bb369d343125bfb2117af9c149795c6c65c50,8,0x2c7571fce6827752af87e9e9a01d2655e30e3ae34062ac0d4f91cec1de5adefd,0xd129ce9c8cc5ad4d254ac3438895ed31c7a1b5ef,0x62e1b0f5d4d4bd308ec3c3961d3f4e7fd4cf83d5,17.55,0,1,OIP20,true,false,18,USDT,https://static.oklink.com/cdn/explorer/okexchain/exchain_usdt.png,0,-17.55,18,0xd129ce9c8cc5ad4d254ac3438895ed31c7a1b5ef,0x62e1b0f5d4d4bd308ec3c3961d3f4e7fd4cf83d5,1639634995000,[],[]
B52475280CB7012C1F2C3EFB5613F912DF7D4BBB6D09C3ACCF8672EE1FB80963,7575597,1639606195000,0x382bb369d343125bfb2117af9c149795c6c65c50,6,0x2c7571fce6827752af87e9e9a01d2655e30e3ae34062ac0d4f91cec1de5adefd,0xb4836288c87aa9db4aaea3f7d984003ce6cc190b,0xd129ce9c8cc5ad4d254ac3438895ed31c7a1b5ef,18.45,0,1,OIP20,false,true,18,USDT,https://static.oklink.com/cdn/explorer/okexchain/exchain_usdt.png,0,18.45,18,0xb4836288c87aa9db4aaea3f7d984003ce6cc190b,0xd129ce9c8cc5ad4d254ac3438895ed31c7a1b5ef,1639634995000,[],[]
B2BE2788037AE2DF93B165C740A10BFBF0748454F2E364D0F3B83B4128E5CDEE,7574854,1639603301000,0x382bb369d343125bfb2117af9c149795c6c65c50,36,0xd9afaf6b55359a3c26c8d3e6f33c5f3b44ab1c9c9a2d3fbbd9f648ae1c5659f5,0xd129ce9c8cc5ad4d254ac3438895ed31c7a1b5ef,0x0a6a3eb99a74cea49bba143d8aea5e7110318802,136.5,0,12,OIP20,true,false,18,USDT,https://static.oklink.com/cdn/explorer/okexchain/exchain_usdt.png,0,-136.5,18,0xd129ce9c8cc5ad4d254ac3438895ed31c7a1b5ef,0x0a6a3eb99a74cea49bba143d8aea5e7110318802,1639632101000,[],[]
B2BE2788037AE2DF93B165C740A10BFBF0748454F2E364D0F3B83B4128E5CDEE,7574854,1639603301000,0x382bb369d343125bfb2117af9c149795c6c65c50,34,0xd9afaf6b55359a3c26c8d3e6f33c5f3b44ab1c9c9a2d3fbbd9f648ae1c5659f5,0xde169f7d4972f9cbf119f2543d7a2e0ca0c735c8,0xd129ce9c8cc5ad4d254ac3438895ed31c7a1b5ef,143.5,0,12,OIP20,false,true,18,USDT,https://static.oklink.com/cdn/explorer/okexchain/exchain_usdt.png,0,143.5,18,0xde169f7d4972f9cbf119f2543d7a2e0ca0c735c8,0xd129ce9c8cc5ad4d254ac3438895ed31c7a1b5ef,1639632101000,[],[]
B489BDE0AE3AEECD9A7627E7E5E89FF638A984BD710E1F0153C7DD9AA7F3EF49,7571433,1639589854000,0x382bb369d343125bfb2117af9c149795c6c65c50,3,0xa2ad56b808aaa6de61ae8e49432cca1f9bc25b8abe535a3bb28c651ac8afbeb0,0xd129ce9c8cc5ad4d254ac3438895ed31c7a1b5ef,0x62e1b0f5d4d4bd308ec3c3961d3f4e7fd4cf83d5,17.55,0,1,OIP20,true,false,18,USDT,https://static.oklink.com/cdn/explorer/okexchain/exchain_usdt.png,0,-17.55,18,0xd129ce9c8cc5ad4d254ac3438895ed31c7a1b5ef,0x62e1b0f5d4d4bd308ec3c3961d3f4e7fd4cf83d5,1639618654000,[],[]
B489BDE0AE3AEECD9A7627E7E5E89FF638A984BD710E1F0153C7DD9AA7F3EF49,7571433,1639589854000,0x382bb369d343125bfb2117af9c149795c6c65c50,1,0xa2ad56b808aaa6de61ae8e49432cca1f9bc25b8abe535a3bb28c651ac8afbeb0,0x6114f6bf2e21558fd291601d020d91f80296cdc3,0xd129ce9c8cc5ad4d254ac3438895ed31c7a1b5ef,18.45,0,1,OIP20,false,true,18,USDT,https://static.oklink.com/cdn/explorer/okexchain/exchain_usdt.png,0,18.45,18,0x6114f6bf2e21558fd291601d020d91f80296cdc3,0xd129ce9c8cc5ad4d254ac3438895ed31c7a1b5ef,1639618654000,[],[]
97E84ABE718DC5BB7E23A0022EA3892A2FAF6F070318654CBB5D13DB09A95D01,7571417,1639589789000,0x382bb369d343125bfb2117af9c149795c6c65c50,2,0x4da9f359e2025ccf9d818ef47b586ceaa0b4c77670d956d1dc66b6a19abe80d9,0xd129ce9c8cc5ad4d254ac3438895ed31c7a1b5ef,0x62e1b0f5d4d4bd308ec3c3961d3f4e7fd4cf83d5,17.55,0,0,OIP20,true,false,18,USDT,https://static.oklink.com/cdn/explorer/okexchain/exchain_usdt.png,0,-17.55,18,0xd129ce9c8cc5ad4d254ac3438895ed31c7a1b5ef,0x62e1b0f5d4d4bd308ec3c3961d3f4e7fd4cf83d5,1639618589000,[],[]
97E84ABE718DC5BB7E23A0022EA3892A2FAF6F070318654CBB5D13DB09A95D01,7571417,1639589789000,0x382bb369d343125bfb2117af9c149795c6c65c50,0,0x4da9f359e2025ccf9d818ef47b586ceaa0b4c77670d956d1dc66b6a19abe80d9,0x6114f6bf2e21558fd291601d020d91f80296cdc3,0xd129ce9c8cc5ad4d254ac3438895ed31c7a1b5ef,18.45,0,0,OIP20,false,true,18,USDT,https://static.oklink.com/cdn/explorer/okexchain/exchain_usdt.png,0,18.45,18,0x6114f6bf2e21558fd291601d020d91f80296cdc3,0xd129ce9c8cc5ad4d254ac3438895ed31c7a1b5ef,1639618589000,[],[]
789099F6C0A51BDE7E85E71AE29EB5DE81B8AF559BEEE1FF04CDEF496A5BFFDA,7571204,1639588950000,0x382bb369d343125bfb2117af9c149795c6c65c50,47,0x3cfe0978f1e826c24bdd7d085c403811d4e77846efa5b1ef996ebef5e5c7c817,0xd129ce9c8cc5ad4d254ac3438895ed31c7a1b5ef,0x62e1b0f5d4d4bd308ec3c3961d3f4e7fd4cf83d5,17.55,0,8,OIP20,true,false,18,USDT,https://static.oklink.com/cdn/explorer/okexchain/exchain_usdt.png,0,-17.55,18,0xd129ce9c8cc5ad4d254ac3438895ed31c7a1b5ef,0x62e1b0f5d4d4bd308ec3c3961d3f4e7fd4cf83d5,1639617750000,[],[]
789099F6C0A51BDE7E85E71AE29EB5DE81B8AF559BEEE1FF04CDEF496A5BFFDA,7571204,1639588950000,0x382bb369d343125bfb2117af9c149795c6c65c50,45,0x3cfe0978f1e826c24bdd7d085c403811d4e77846efa5b1ef996ebef5e5c7c817,0x6114f6bf2e21558fd291601d020d91f80296cdc3,0xd129ce9c8cc5ad4d254ac3438895ed31c7a1b5ef,18.45,0,8,OIP20,false,true,18,USDT,https://static.oklink.com/cdn/explorer/okexchain/exchain_usdt.png,0,18.45,18,0x6114f6bf2e21558fd291601d020d91f80296cdc3,0xd129ce9c8cc5ad4d254ac3438895ed31c7a1b5ef,1639617750000,[],[]
DCEE4F609277BBA430D17B052378FDAB56E871E4137C7D8E2F4B0AD186702BBA,7561881,1639551932000,0x382bb369d343125bfb2117af9c149795c6c65c50,52,0x17adda627b1b50429d8967a4721d0085f4ab886080dd06feb74a0e7b6f0c2bc0,0xd129ce9c8cc5ad4d254ac3438895ed31c7a1b5ef,0x62e1b0f5d4d4bd308ec3c3961d3f4e7fd4cf83d5,17.55,0,11,OIP20,true,false,18,USDT,https://static.oklink.com/cdn/explorer/okexchain/exchain_usdt.png,0,-17.55,18,0xd129ce9c8cc5ad4d254ac3438895ed31c7a1b5ef,0x62e1b0f5d4d4bd308ec3c3961d3f4e7fd4cf83d5,1639580732000,[],[]
DCEE4F609277BBA430D17B052378FDAB56E871E4137C7D8E2F4B0AD186702BBA,7561881,1639551932000,0x382bb369d343125bfb2117af9c149795c6c65c50,50,0x17adda627b1b50429d8967a4721d0085f4ab886080dd06feb74a0e7b6f0c2bc0,0xb4836288c87aa9db4aaea3f7d984003ce6cc190b,0xd129ce9c8cc5ad4d254ac3438895ed31c7a1b5ef,18.45,0,11,OIP20,false,true,18,USDT,https://static.oklink.com/cdn/explorer/okexchain/exchain_usdt.png,0,18.45,18,0xb4836288c87aa9db4aaea3f7d984003ce6cc190b,0xd129ce9c8cc5ad4d254ac3438895ed31c7a1b5ef,1639580732000,[],[]
195648EC9B6737702B9F9DEA0457F673898F62714D96D8BB4AF9FD6A3DA38813,7560781,1639547713000,0x382bb369d343125bfb2117af9c149795c6c65c50,33,0xf8eb2fe48f683b9b9798a20676d5f72196da12b37ef1636db196998cdc4b9f2e,0xd129ce9c8cc5ad4d254ac3438895ed31c7a1b5ef,0x62e1b0f5d4d4bd308ec3c3961d3f4e7fd4cf83d5,17.55,0,3,OIP20,true,false,18,USDT,https://static.oklink.com/cdn/explorer/okexchain/exchain_usdt.png,0,-17.55,18,0xd129ce9c8cc5ad4d254ac3438895ed31c7a1b5ef,0x62e1b0f5d4d4bd308ec3c3961d3f4e7fd4cf83d5,1639576513000,[],[]
195648EC9B6737702B9F9DEA0457F673898F62714D96D8BB4AF9FD6A3DA38813,7560781,1639547713000,0x382bb369d343125bfb2117af9c149795c6c65c50,31,0xf8eb2fe48f683b9b9798a20676d5f72196da12b37ef1636db196998cdc4b9f2e,0x6114f6bf2e21558fd291601d020d91f80296cdc3,0xd129ce9c8cc5ad4d254ac3438895ed31c7a1b5ef,18.45,0,3,OIP20,false,true,18,USDT,https://static.oklink.com/cdn/explorer/okexchain/exchain_usdt.png,0,18.45,18,0x6114f6bf2e21558fd291601d020d91f80296cdc3,0xd129ce9c8cc5ad4d254ac3438895ed31c7a1b5ef,1639576513000,[],[]